Código;Nombre;Descripción;Tipo;Historia de origen;Fecha de generación;Estado de revisión
RF-001;Mostrar ejemplares disponibles para reserva;El sistema deberá mostrar únicamente los ejemplares que se encuentren disponibles para reserva.;Funcional;HU-001 – HU-001 - Reservar libro disponible;09/09/2026;Pendiente de validación
RF-002;Mostrar detalles del ejemplar antes de confirmar reserva;El sistema deberá mostrar el título, autor, categoría y código del ejemplar antes de confirmar la reserva.;Funcional;HU-001 – HU-001 - Reservar libro disponible;09/09/2026;Pendiente de validación
RF-003;Registrar reserva asociada al estudiante autenticado;El sistema deberá registrar la reserva asociándola al estudiante autenticado.;Funcional;HU-001 – HU-001 - Reservar libro disponible;09/09/2026;Pendiente de validación
RF-004;Cambiar estado del ejemplar a reservado;El sistema deberá cambiar el estado del ejemplar de disponible a reservado inmediatamente después de confirmar la reserva.;Funcional;HU-001 – HU-001 - Reservar libro disponible;09/09/2026;Pendiente de validación
RF-005;Impedir reserva de ejemplar con reserva activa;El sistema deberá impedir que otro estudiante reserve un ejemplar que ya tenga una reserva activa.;Funcional;HU-001 – HU-001 - Reservar libro disponible;09/09/2026;Pendiente de validación
RF-006;Mostrar confirmación de reserva registrada;El sistema deberá mostrar una confirmación cuando la reserva se registre correctamente.;Funcional;HU-001 – HU-001 - Reservar libro disponible;09/09/2026;Pendiente de validación
RF-007;Informar fecha límite para recoger ejemplar;El sistema deberá informar al estudiante la fecha límite establecida para recoger el ejemplar reservado.;Funcional;HU-001 – HU-001 - Reservar libro disponible;09/09/2026;Pendiente de validación
RF-008;Reservar un ejemplar disponible del catálogo de la biblioteca;El sistema deberá reservar un ejemplar disponible del catálogo de la biblioteca.;Funcional;HU-001 – HU-001 - Reservar libro disponible;09/09/2026;Pendiente de validación
RF-009;Un ejemplar solo puede tener una reserva activa simultáneamente;El sistema deberá un ejemplar solo puede tener una reserva activa simultáneamente.;Funcional;HU-001 – HU-001 - Reservar libro disponible;09/09/2026;Pendiente de validación
RF-010;La disponibilidad debe actualizarse inmediatamente después de confirmar una reserva;El sistema deberá la disponibilidad debe actualizarse inmediatamente después de que el estudiante confirme una reserva.;Funcional;HU-001 – HU-001 - Reservar libro disponible;09/09/2026;Pendiente de validación
RF-011;La reserva debe quedar asociada al estudiante que realizó la operación;El sistema deberá la reserva debe quedar asociada al estudiante que realizó la operación.;Funcional;HU-001 – HU-001 - Reservar libro disponible;09/09/2026;Pendiente de validación
RF-012;La operación de reserva debe utilizar la disponibilidad actual del ejemplar. Se debe registrar el estudiante que realizó la reserva, el ejemplar seleccionado y la fecha y hora de la operación;El sistema deberá la operación de reserva debe utilizar la disponibilidad actual del ejemplar. Se debe registrar el estudiante que realizó la reserva, el ejemplar seleccionado y la fecha y hora de la operación.;Funcional;HU-001 – HU-001 - Reservar libro disponible;09/09/2026;Pendiente de validación
RF-013;Registrar devolución de libro;El sistema deberá permitir registrar la devolución de un libro.;Funcional;HU-002 – HU-002 - Registrar préstamo de libro;09/09/2026;Pendiente de validación
RF-014;Verificar existencia de préstamo;El sistema deberá verificar que exista un préstamo relacionado con el libro.;Funcional;HU-002 – HU-002 - Registrar préstamo de libro;09/09/2026;Pendiente de validación
RF-015;Actualizar información del préstamo;El sistema deberá actualizar la información del préstamo después de la devolución.;Funcional;HU-002 – HU-002 - Registrar préstamo de libro;09/09/2026;Pendiente de validación
RF-016;Mostrar mensaje de devolución registrada;El sistema deberá mostrar un mensaje cuando la devolución haya sido registrada.;Funcional;HU-002 – HU-002 - Registrar préstamo de libro;09/09/2026;Pendiente de validación
RF-017;Continuar proceso con datos correctos;El sistema deberá permitir continuar con el proceso cuando los datos sean correctos.;Funcional;HU-002 – HU-002 - Registrar préstamo de libro;09/09/2026;Pendiente de validación
RF-018;Registrar mascota;El sistema deberá registrar mascota.;Funcional;HU-002 – HU-002 - Registrar préstamo de libro;09/09/2026;Pendiente de validación
RF-019;El libro debe existir en el sistema;El sistema deberá el libro debe existir en el sistema.;Funcional;HU-002 – HU-002 - Registrar préstamo de libro;09/09/2026;Pendiente de validación
RF-020;La devolución debe corresponder a un préstamo registrado;El sistema deberá la devolución debe corresponder a un préstamo registrado.;Funcional;HU-002 – HU-002 - Registrar préstamo de libro;09/09/2026;Pendiente de validación
RF-021;Todavía no se ha definido qué información específica debe actualizarse al registrar la devolución, cómo se manejarán las devoluciones realizadas fuera de plazo ni qué información deberá conservarse como evidencia de la operación;El sistema deberá todavía no se ha definido qué información específica debe actualizarse al registrar la devolución, cómo se manejarán las devoluciones realizadas fuera de plazo ni qué información deberá conservarse como evidencia de la operación.;Funcional;HU-002 – HU-002 - Registrar préstamo de libro;09/09/2026;Pendiente de validación
RF-022;Consultar historial de préstamos;El sistema deberá consultar el historial de los préstamos que el estudiante autenticado ha realizado en la biblioteca.;Funcional;HU-003 – HU-003 Consultar historial;09/09/2026;Pendiente de validación
RF-023;Mostrar préstamos del estudiante autenticado;El sistema deberá mostrar únicamente los préstamos asociados al estudiante autenticado.;Funcional;HU-003 – HU-003 Consultar historial;09/09/2026;Pendiente de validación
RF-024;Ordenar préstamos por fecha descendente;El sistema deberá presentar la lista de préstamos ordenada por fecha, del más reciente al más antiguo.;Funcional;HU-003 – HU-003 Consultar historial;09/09/2026;Pendiente de validación
RF-025;Mostrar detalles de cada préstamo;El sistema deberá mostrar para cada préstamo el título del libro, la fecha de préstamo, la fecha de devolución esperada y el estado actual (activo, devuelto, vencido).;Funcional;HU-003 – HU-003 Consultar historial;09/09/2026;Pendiente de validación
RF-026;Filtrar préstamos por estado;El sistema deberá permitir filtrar los préstamos por estado.;Funcional;HU-003 – HU-003 Consultar historial;09/09/2026;Pendiente de validación
RF-027;Mostrar mensaje sin préstamos;El sistema deberá mostrar un mensaje cuando el estudiante no tenga préstamos registrados.;Funcional;HU-003 – HU-003 Consultar historial;09/09/2026;Pendiente de validación
RF-028;Impedir que un estudiante consulte el historial de otro estudiante;El sistema deberá impedir que un estudiante consulte el historial de otro estudiante.;Funcional;HU-003 – HU-003 Consultar historial;09/09/2026;Pendiente de validación
RF-029;La información mostrada debe reflejar el estado actual de cada préstamo;El sistema deberá la información mostrada debe reflejar el estado actual de cada préstamo.;Funcional;HU-003 – HU-003 Consultar historial;09/09/2026;Pendiente de validación
RF-030;No se permite la modificación de los registros desde esta consulta;El sistema deberá no se permite la modificación de los registros desde esta consulta.;Funcional;HU-003 – HU-003 Consultar historial;09/09/2026;Pendiente de validación
