HU origen;Código requisito;Tipo;Nombre del requisito;Descripción;Diseño;Elementos de Diseño;Estado de trazabilidad;Estado de Diseño;Observación
HU-006 – Consultar horarios disponibles;RF-001;Funcional;Mostrar únicamente horarios disponibles;El sistema deberá mostrar solo los horarios que están actualmente libres para la consulta.;DIS-001;ED-01, ED-02, ED-03;Cubierto en Diseño;CORREGIR;Relación identificada con evidencia suficiente.
HU-006 – Consultar horarios disponibles;RF-002;Funcional;Mostrar nombre y especialidad del médico;El sistema deberá mostrar el nombre completo y la especialidad de cada médico disponible.;DIS-001;ED-01;Cubierto en Diseño;CORREGIR;Relación identificada con evidencia suficiente.
HU-006 – Consultar horarios disponibles;RF-003;Funcional;Actualizar disponibilidad inmediatamente después de una cita;El sistema deberá actualizar la disponibilidad inmediata tras registrar una nueva cita.;DIS-001;ED-02, ED-03;Cubierto en Diseño;CORREGIR;Relación identificada con evidencia suficiente.
HU-007 – Registrar pacientes;RF-004;Funcional;Validar documento de identidad al registrar un nuevo paciente;El sistema deberá validar el documento de identidad del paciente antes de proceder con la inscripción.;DIS-002;ED-05;Cubierto en Diseño;CORREGIR;Relación identificada con evidencia suficiente.
HU-007 – Registrar pacientes;RF-005;Funcional;Registrar información obligatoria al inscribir un nuevo paciente;El sistema deberá registrar la información obligatoria requerida por las políticas del centro médico.;DIS-002;ED-04, ED-05;Cubierto en Diseño;CORREGIR;Relación identificada con evidencia suficiente.
HU-007 – Registrar pacientes;RF-006;Funcional;Evitar registros duplicados de pacientes;El sistema deberá evitar registrar el mismo paciente dos veces.;DIS-002;ED-05, ED-06;Cubierto en Diseño;CORREGIR;Relación identificada con evidencia suficiente.
HU-008 – Consultar agenda médica;RNF-001;No funcional;Mostrar citas del día en la agenda;El sistema deberá mostrar las citas programadas para el médico del día.;DIS-001;—;Pendiente de relación;CORREGIR;No se identificó evidencia suficiente para asociarlo a un elemento de diseño.
HU-008 – Consultar agenda médica;RNF-002;No funcional;Mostrar nombre del paciente en la agenda;El sistema deberá mostrar el nombre del paciente junto con las citas del día.;DIS-001;—;Pendiente de relación;CORREGIR;No se identificó evidencia suficiente para asociarlo a un elemento de diseño.
HU-009 – Generar reportes de citas;RF-007;Funcional;Exportar reportes de citas en PDF;El sistema deberá permitir que el administrador genere y exporte los reportes de citas como archivos PDF.;DIS-002;—;Pendiente de relación;CORREGIR;No se identificó evidencia suficiente para asociarlo a un elemento de diseño.
HU-009 – Generar reportes de citas;RNF-003;No funcional;Mostrar estadísticas en los reportes;El sistema deberá incluir estadísticas relevantes dentro de los reportes generados.;—;—;No evaluado;—;No se evaluó este requisito en ningún Issue de Diseño.
HU-010 – Cancelar cita médica;RF-008;Funcional;Permitir cancelar la cita médica;El sistema deberá permitir que los pacientes cancelen una cita médica previamente programada.;DIS-002;—;Pendiente de relación;CORREGIR;No se identificó evidencia suficiente para asociarlo a un elemento de diseño.
